{
    "acc": 0.8729508196721312,
    "loss": 0.33305859547413763,
    "training_time": 51.50617051124573
}