{
    "acc": 0.8934426229508197,
    "loss": 0.23046142992670418,
    "training_time": 213.22926115989685
}