{
    "acc": 0.8401639344262295,
    "loss": 0.3596115096426401,
    "training_time": 63.017125368118286
}