{
    "acc": 0.7172131147540983,
    "loss": 0.5119553839818376,
    "training_time": 59.36835217475891
}