{
    "acc": 0.8565573770491803,
    "loss": 0.356932060762507,
    "training_time": 49.09830689430237
}