{
    "acc": 0.8934426229508197,
    "loss": 0.23046142992670418,
    "training_time": 213.22926115989685,
    "val_acc": 0.9150326797385621,
    "val_loss": 0.25569194501716325,
    "step": 8
}
